Introduction à la preuve de programmes C avec Frama-C et son greffon WP,"Introduction à la spécification et la preuve de programmes C, par l'usage de Frama-C, du langage ACSL et son greffon WP.  Quelques rudiments théoriques sont donnés."
La programmation en C++ moderne,Apprenez la programmation de zéro jusqu'à l'infini !
Démontrer par l'absurde,Une technique de démonstration incontournable
Les expressions régulières,Un tutoriel pour comprendre les bases des expressions régulières
Le pain au levain facile,"Ingrédients : eau du robinet, farine quelconque, sel, patience, et c'est tout."
Utiliser le DOM pour générer un sommaire en PHP,"Comment générer un sommaire à partir d'un bout de HTML en PHP ? En utilisant le DOM, pardi !"
Récap' communautaire #28 — Été 2020,Faisons le point sur l'actualité de notre communauté !
Zeste de mixage : la forêt,Passer d'une partition à quelque chose d'écoutable
S'habiller dans le bon ordre grâce aux mathématiques,"Relations d'ordre, graphes et tris topologiques"
Récap' communautaire #27 — Mai 2020,Faisons le point sur l'actualité de notre communauté !
Un zeste de mathématiques assistées par ordinateur,Quand la machine vient en support du mathématicien
Récap' communautaire #26 — Avril 2020,Faisons le point sur l'actualité de notre communauté !
